{
    "meteor": {
        "meteor": 0.21368480507984478
    },
    "rouge": {
        "rouge1": 0.15988475896388232
    },
    "bertscore": {
        "f1": 0.6918519350139203,
        "hashcode": "bert-base-multilingual-cased_L9_no-idf_version=0.3.12(hug_trans=4.50.1)"
    }
}