{
    "meteor": {
        "meteor": 0.2362458750065014
    },
    "rouge": {
        "rouge1": 0.21691123872354454
    },
    "bertscore": {
        "f1": 0.728125682639458,
        "hashcode": "bert-base-multilingual-cased_L9_no-idf_version=0.3.12(hug_trans=4.50.1)"
    }
}