{
    "model_name": "IlyaGusev/mbart_ru_sum_gazeta",
    "rouge": {
        "rouge1": 0.0002871088142405972,
        "rouge2": 0.0,
        "rougeL": 0.0002871088142405972,
        "rougeLsum": 0.0002871088142405972
    },
    "bertscore": {
        "precision": 0.5187158489874167,
        "recall": 0.5078784685957339,
        "f1": 0.512767750163411,
        "hashcode": "bert-base-multilingual-cased_L9_no-idf_version=0.3.12(hug_trans=4.47.1)"
    }
}