{
    "model_name": "IlyaGusev/rut5_base_sum_gazeta",
    "rouge": {
        "rouge1": 0.09671306723785301,
        "rouge2": 0.030215341138584338,
        "rougeL": 0.09507089905651717,
        "rougeLsum": 0.09561475742626294
    },
    "bertscore": {
        "precision": 0.741128487873447,
        "recall": 0.6597470077433327,
        "f1": 0.6975294446298318,
        "hashcode": "bert-base-multilingual-cased_L9_no-idf_version=0.3.12(hug_trans=4.42.0)"
    }
}