{
    "model_name": "Kirili4ik/mbart_ruDialogSum",
    "rouge": {
        "rouge1": 0.19184280937047388,
        "rouge2": 0.07810983293162968,
        "rougeL": 0.18624817265903612,
        "rougeLsum": 0.1862874030587833
    },
    "bertscore": {
        "precision": 0.7675291165825009,
        "recall": 0.6980126576368199,
        "f1": 0.7301314212093057,
        "hashcode": "bert-base-multilingual-cased_L9_no-idf_version=0.3.12(hug_trans=4.47.1)"
    }
}