{
    "model_name": "mtvA/mbart_ruDialogSum",
    "rouge": {
        "rouge1": 0.12619310096225278,
        "rouge2": 0.052738743885543726,
        "rougeL": 0.12124348002425975,
        "rougeLsum": 0.12215097459625501
    },
    "bertscore": {
        "precision": 0.7548428905564685,
        "recall": 0.6821757913097855,
        "f1": 0.7154435940491136,
        "hashcode": "bert-base-multilingual-cased_L9_no-idf_version=0.3.12(hug_trans=4.47.1)"
    }
}