{
    "model_name": "mtvA/mbart_ruDialogSum",
    "rouge": {
        "rouge1": 0.09030456787662317,
        "rouge2": 0.032180014308426846,
        "rougeL": 0.08826999366293672,
        "rougeLsum": 0.08771989886606138
    },
    "bertscore": {
        "precision": 0.7414979950864186,
        "recall": 0.6450423997964045,
        "f1": 0.6890847941701727,
        "hashcode": "bert-base-multilingual-cased_L9_no-idf_version=0.3.12(hug_trans=4.42.0)"
    }
}