{
    "model_name": "sarahai/ruT5-base-summarizer",
    "rouge": {
        "rouge1": 0.10162737174260594,
        "rouge2": 0.02682946394968151,
        "rougeL": 0.1013230754758174,
        "rougeLsum": 0.10017459713572488
    },
    "bertscore": {
        "precision": 0.7453654579413954,
        "recall": 0.6581015633058178,
        "f1": 0.6983905730321426,
        "hashcode": "bert-base-multilingual-cased_L9_no-idf_version=0.3.12(hug_trans=4.47.1)"
    }
}